{
  "results": [
    {
      "userKey": "RUPESHKUMARSOMALA",
      "projectId": 53530,
      "testCaseId": 605757,
      "executionId": 503357,
      "key": "PROJECTKEY-T275",
      "executionDate": "",
      "status": "",
      "imageLocation": null,
      "exception": null
    },
    {
      "userKey": "RUPESHKUMARSOMALA",
      "projectId": 53530,
      "testCaseId": 605758,
      "executionId": 503358,
      "key": "PROJECTKEY-T276",
      "executionDate": "",
      "status": "",
      "imageLocation": null,
      "exception": null
    },
    {
      "userKey": "RUPESHKUMARSOMALA",
      "projectId": 53530,
      "testCaseId": 605759,
      "executionId": 503360,
      "key": "PROJECTKEY-T277",
      "executionDate": "",
      "status": "",
      "imageLocation": null,
      "exception": null
    },
    {
      "userKey": "RUPESHKUMARSOMALA",
      "projectId": 53530,
      "testCaseId": 605760,
      "executionId": 503362,
      "key": "PROJECTKEY-T278",
      "executionDate": "",
      "status": "",
      "imageLocation": null,
      "exception": null
    }
  ]
}