{
  "info": {
    "testCycleId": 9791,
    "testCycleName": "[Wednesday, August 30, 2022 1:10:34 PM] Biweekly Regression Automated TestCycle",
    "environment": "QA",
    "category": "Smoke",
    "passedStatus": "4/4",
    "failedStatus": "0/4",
    "platformName": "Android",
    "platformVersion": "11.0",
    "device": "Oneplus 7T",
    "hostName": "<HOSTNAME>",
    "ip": "fe80::823d:1ba3:5833:9e44%15"
  },
  "results": [
    {
      "userKey": "RUPESHKUMARSOMALA",
      "key": "PROJECTKEY-T275",
      "testCaseId": 605757,
      "executionId": 503335,
      "executionDate": "2022-08-30T13:10:39.415Z",
      "status": 2804,
      "bugTitle": null,
      "exception": null,
      "imageLocation": null
    },
    {
      "userKey": "RUPESHKUMARSOMALA",
      "key": "PROJECTKEY-T276",
      "testCaseId": 605758,
      "executionId": 503337,
      "executionDate": "2022-08-30T13:10:41.637Z",
      "status": 2804,
      "bugTitle": null,
      "exception": null,
      "imageLocation": null
    },
    {
      "userKey": "RUPESHKUMARSOMALA",
      "key": "PROJECTKEY-T277",
      "testCaseId": 605759,
      "executionId": 503340,
      "executionDate": "2022-08-30T13:10:43.869Z",
      "status": 2804,
      "bugTitle": null,
      "exception": null,
      "imageLocation": null
    },
    {
      "userKey": "RUPESHKUMARSOMALA",
      "key": "PROJECTKEY-T278",
      "testCaseId": 605760,
      "executionId": 503343,
      "executionDate": "2022-08-30T13:10:46.097Z",
      "status": 2804,
      "bugTitle": null,
      "exception": null,
      "imageLocation": null
    }
  ]
}