{
  "info": {
    "testCycleId": 9778,
    "testCycleName": "[Wednesday, August 30, 2022 12:45:10 PM] Biweekly Regression Automated TestCycle",
    "environment": "QA",
    "category": "Smoke",
    "passedStatus": "4/4",
    "failedStatus": "0/4",
    "platformName": "Android",
    "platformVersion": "11.0",
    "device": "Oneplus 7T",
    "hostName": "<HOSTNAME>",
    "ip": "fe80::823d:1ba3:5833:9e44%15"
  },
  "results": [
    {
      "userKey": "RUPESHKUMARSOMALA",
      "key": "PROJECTKEY-T275",
      "testCaseId": 605757,
      "executionId": 503297,
      "executionDate": "2022-08-30T12:45:15.546Z",
      "status": 2804,
      "bugTitle": null,
      "exception": null,
      "imageLocation": null
    },
    {
      "userKey": "RUPESHKUMARSOMALA",
      "key": "PROJECTKEY-T276",
      "testCaseId": 605758,
      "executionId": 503298,
      "executionDate": "2022-08-30T12:45:17.759Z",
      "status": 2804,
      "bugTitle": null,
      "exception": null,
      "imageLocation": null
    },
    {
      "userKey": "RUPESHKUMARSOMALA",
      "key": "PROJECTKEY-T277",
      "testCaseId": 605759,
      "executionId": 503299,
      "executionDate": "2022-08-30T12:45:19.982Z",
      "status": 2804,
      "bugTitle": null,
      "exception": null,
      "imageLocation": null
    },
    {
      "userKey": "RUPESHKUMARSOMALA",
      "key": "PROJECTKEY-T278",
      "testCaseId": 605760,
      "executionId": 503300,
      "executionDate": "2022-08-30T12:45:22.212Z",
      "status": 2804,
      "bugTitle": null,
      "exception": null,
      "imageLocation": null
    }
  ]
}