{
  "info": {
    "testCycleId": 9793,
    "testCycleName": "[Wednesday, August 30, 2022 1:55:59 PM] Biweekly Regression Automated TestCycle",
    "environment": "QA",
    "category": "Smoke",
    "passedStatus": "4/4",
    "failedStatus": "0/4",
    "platformName": "Android",
    "platformVersion": "11.0",
    "device": "Oneplus 7T",
    "hostName": "<HOSTNAME>",
    "ip": "fe80::823d:1ba3:5833:9e44%15"
  },
  "results": [
    {
      "userKey": "RUPESHKUMARSOMALA",
      "key": "PROJECTKEY-T275",
      "testCaseId": 605757,
      "executionId": 503346,
      "executionDate": "2022-08-30T13:56:04.448Z",
      "status": 2804,
      "bugTitle": null,
      "exception": null,
      "imageLocation": null
    },
    {
      "userKey": "RUPESHKUMARSOMALA",
      "key": "PROJECTKEY-T276",
      "testCaseId": 605758,
      "executionId": 503349,
      "executionDate": "2022-08-30T13:56:06.667Z",
      "status": 2804,
      "bugTitle": null,
      "exception": null,
      "imageLocation": null
    },
    {
      "userKey": "RUPESHKUMARSOMALA",
      "key": "PROJECTKEY-T277",
      "testCaseId": 605759,
      "executionId": 503350,
      "executionDate": "2022-08-30T13:56:08.896Z",
      "status": 2804,
      "bugTitle": null,
      "exception": null,
      "imageLocation": null
    },
    {
      "userKey": "RUPESHKUMARSOMALA",
      "key": "PROJECTKEY-T278",
      "testCaseId": 605760,
      "executionId": 503352,
      "executionDate": "2022-08-30T13:56:11.109Z",
      "status": 2804,
      "bugTitle": null,
      "exception": null,
      "imageLocation": null
    }
  ]
}