{
  "info": {
    "testCycleId": 9777,
    "testCycleName": "[Wednesday, August 30, 2022 9:42:20 AM] Biweekly Regression Automated TestCycle",
    "environment": "QA",
    "category": "Smoke",
    "passedStatus": "4/4",
    "failedStatus": "0/4",
    "platformName": "Android",
    "platformVersion": "11.0",
    "device": "Oneplus 7T",
    "hostName": "<HOSTNAME>",
    "ip": "fe80::823d:1ba3:5833:9e44%15"
  },
  "results": [
    {
      "userKey": "RUPESHKUMARSOMALA",
      "key": "PROJECTKEY-T275",
      "testCaseId": 605757,
      "executionId": 503277,
      "executionDate": "2022-08-30T09:42:25.306Z",
      "status": 2804,
      "bugTitle": null,
      "exception": null,
      "imageLocation": null
    },
    {
      "userKey": "RUPESHKUMARSOMALA",
      "key": "PROJECTKEY-T276",
      "testCaseId": 605758,
      "executionId": 503278,
      "executionDate": "2022-08-30T09:42:27.544Z",
      "status": 2804,
      "bugTitle": null,
      "exception": null,
      "imageLocation": null
    },
    {
      "userKey": "RUPESHKUMARSOMALA",
      "key": "PROJECTKEY-T277",
      "testCaseId": 605759,
      "executionId": 503279,
      "executionDate": "2022-08-30T09:42:29.769Z",
      "status": 2804,
      "bugTitle": null,
      "exception": null,
      "imageLocation": null
    },
    {
      "userKey": "RUPESHKUMARSOMALA",
      "key": "PROJECTKEY-T278",
      "testCaseId": 605760,
      "executionId": 503280,
      "executionDate": "2022-08-30T09:42:31.992Z",
      "status": 2804,
      "bugTitle": null,
      "exception": null,
      "imageLocation": null
    }
  ]
}