{
  "info": {
    "testCycleId": 9559,
    "testCycleName": "[Monday, August 14, 2022 7:54:46 AM] Biweekly Regression Automated TestCycle",
    "passedStatus": "3/4",
    "failedStatus": "1/4"
  },
  "results": [
    {
      "userKey": "RUPESHKUMARSOMALA",
      "bugTitle": null,
      "key": "PROJECTKEY-T275",
      "testCaseId": 605757,
      "executionId": 494910,
      "imageLocation": null,
      "executionDate": "2022-08-14T07:54:53.604Z",
      "status": 2804,
      "platformName": "Android",
      "platformVersion": "11.0",
      "device": "Oneplus 7T",
      "exception": null
    },
    {
      "userKey": "RUPESHKUMARSOMALA",
      "bugTitle": null,
      "key": "PROJECTKEY-T276",
      "testCaseId": 605758,
      "executionId": 494911,
      "imageLocation": null,
      "executionDate": "2022-08-14T07:54:55.623Z",
      "status": 2804,
      "platformName": "Android",
      "platformVersion": "11.0",
      "device": "Oneplus 7T",
      "exception": null
    },
    {
      "userKey": "RUPESHKUMARSOMALA",
      "bugTitle": "_Test3 failed",
      "key": "PROJECTKEY-T277",
      "testCaseId": 605759,
      "executionId": 494912,
      "imageLocation": "C:\\Users\\git\\source\\XploreAutomationIntegrations\\XploreAutomationIntegrations\\video.mp4",
      "executionDate": "2022-08-14T07:54:57.653Z",
      "status": 2805,
      "platformName": "Android",
      "platformVersion": "11.0",
      "device": "Oneplus 7T",
      "exception": "Top Stacktrace: \n   at XploreAutomationIntegrations.UnitTest1.SOMEPROJECTT277_Test3() in C:\\Users\\git\\source\\XploreAutomationIntegrations\\XploreAutomationIntegrations\\UnitTest1.cs:line 257\r\nTop Message: \nMultiple failures or warnings in test:\r\n  1)   string check failed\r\n  String lengths are both 1. Strings differ at index 0.\r\n  Expected: \"s\"\r\n  But was:  \"a\"\r\n  -----------^\r\n\r\n  2)   Greater than failed\r\n  Expected: greater than 4\r\n  But was:  3\r\n\r\n\r\nAssertion Status: Failed\r\nAssertion Message:   string check failed\r\n  String lengths are both 1. Strings differ at index 0.\r\n  Expected: \"s\"\r\n  But was:  \"a\"\r\n  -----------^\r\n\r\nAssertion StackTrace:    at XploreAutomationIntegrations.UnitTest1.<>c.<SOMEPROJECTT277_Test3>b__26_0() in C:\\Users\\git\\source\\XploreAutomationIntegrations\\XploreAutomationIntegrations\\UnitTest1.cs:line 259\r\n   at NUnit.Framework.Assert.Multiple(TestDelegate testDelegate)\r\n   at XploreAutomationIntegrations.UnitTest1.SOMEPROJECTT277_Test3() in C:\\Users\\git\\source\\XploreAutomationIntegrations\\XploreAutomationIntegrations\\UnitTest1.cs:line 257\r\n\r\nAssertion Status: Failed\r\nAssertion Message:   Greater than failed\r\n  Expected: greater than 4\r\n  But was:  3\r\n\r\nAssertion StackTrace:    at XploreAutomationIntegrations.UnitTest1.<>c.<SOMEPROJECTT277_Test3>b__26_0() in C:\\Users\\git\\source\\XploreAutomationIntegrations\\XploreAutomationIntegrations\\UnitTest1.cs:line 260\r\n   at NUnit.Framework.Assert.Multiple(TestDelegate testDelegate)\r\n   at XploreAutomationIntegrations.UnitTest1.SOMEPROJECTT277_Test3() in C:\\Users\\git\\source\\XploreAutomationIntegrations\\XploreAutomationIntegrations\\UnitTest1.cs:line 257\r\n\r\n"
    },
    {
      "userKey": "RUPESHKUMARSOMALA",
      "bugTitle": null,
      "key": "PROJECTKEY-T278",
      "testCaseId": 605760,
      "executionId": 494913,
      "imageLocation": null,
      "executionDate": "2022-08-14T07:55:05.368Z",
      "status": 2804,
      "platformName": "Android",
      "platformVersion": "11.0",
      "device": "Oneplus 7T",
      "exception": null
    }
  ]
}