{
  "results": [
    {
      "userKey": "RUPESHKUMARSOMALA",
      "bugTitle": null,
      "key": "PROJECTKEY-T275",
      "testCaseId": 605757,
      "executionId": 494898,
      "imageLocation": null,
      "executionDate": "2022-08-14T07:16:59.614Z",
      "status": 2804,
      "platformName": "Android",
      "platformVersion": "11.0",
      "device": "Oneplus 7T",
      "exception": null
    },
    {
      "userKey": "RUPESHKUMARSOMALA",
      "bugTitle": null,
      "key": "PROJECTKEY-T276",
      "testCaseId": 605758,
      "executionId": 494899,
      "imageLocation": null,
      "executionDate": "2022-08-14T07:17:03.343Z",
      "status": 2804,
      "platformName": "Android",
      "platformVersion": "11.0",
      "device": "Oneplus 7T",
      "exception": null
    },
    {
      "userKey": "RUPESHKUMARSOMALA",
      "bugTitle": "_Test3 failed",
      "key": "PROJECTKEY-T277",
      "testCaseId": 605759,
      "executionId": 494900,
      "imageLocation": "C:\\Users\\git\\source\\XploreAutomationIntegrations\\XploreAutomationIntegrations\\video.mp4",
      "executionDate": "2022-08-14T07:19:05.657Z",
      "status": 2805,
      "platformName": "Android",
      "platformVersion": "11.0",
      "device": "Oneplus 7T",
      "exception": "Top Stacktrace: \n   at XploreAutomationIntegrations.Tests.SOMEPROJECTT277_Test3() in C:\\Users\\git\\source\\XploreAutomationIntegrations\\XploreAutomationIntegrations\\UnitTest1.cs:line 252\r\nTop Message: \n\r\nAssertion Status: Failed\r\nAssertion Message: \r\nAssertion StackTrace:    at XploreAutomationIntegrations.Tests.SOMEPROJECTT277_Test3() in C:\\Users\\git\\source\\XploreAutomationIntegrations\\XploreAutomationIntegrations\\UnitTest1.cs:line 252\r\n\r\n"
    },
    {
      "userKey": "RUPESHKUMARSOMALA",
      "bugTitle": null,
      "key": "PROJECTKEY-T278",
      "testCaseId": 605760,
      "executionId": 494901,
      "imageLocation": null,
      "executionDate": "2022-08-14T07:20:41.687Z",
      "status": 2804,
      "platformName": "Android",
      "platformVersion": "11.0",
      "device": "Oneplus 7T",
      "exception": null
    }
  ]
}